{"stats":{"minecraft:custom":{"minecraft:mob_kills":7,"minecraft:interact_with_anvil":4,"minecraft:animals_bred":1,"minecraft:interact_with_crafting_table":5,"minecraft:open_barrel":1,"minecraft:interact_with_loom":1,"minecraft:pot_flower":8,"minecraft:leave_game":10,"minecraft:time_since_death":345285,"minecraft:sleep_in_bed":8,"minecraft:time_since_rest":21983,"minecraft:sprint_one_cm":219709,"minecraft:damage_taken":200,"minecraft:walk_one_cm":765159,"minecraft:drop":5,"minecraft:damage_dealt":1264,"minecraft:swim_one_cm":23625,"minecraft:talked_to_villager":4,"minecraft:fly_one_cm":203874,"minecraft:player_kills":1,"minecraft:open_chest":139,"minecraft:crouch_one_cm":27690,"minecraft:play_time":345285,"minecraft:sneak_time":12117,"minecraft:walk_under_water_one_cm":7785,"minecraft:jump":747,"minecraft:walk_on_water_one_cm":13940,"minecraft:total_world_time":345285,"minecraft:fall_one_cm":12880},"minecraft:killed":{"minecraft:wolf":1,"minecraft:spider":1,"minecraft:skeleton":2,"minecraft:trader_llama":2,"minecraft:zombie":1},"minecraft:mined":{"minecraft:spruce_planks":5,"minecraft:farmland":4,"minecraft:oak_fence":1,"minecraft:spruce_fence":2,"minecraft:grass_block":23,"minecraft:cobblestone":11,"minecraft:spruce_leaves":8,"minecraft:oak_wall_sign":1,"minecraft:large_fern":4,"minecraft:iron_ore":2,"minecraft:wheat":8,"minecraft:sweet_berry_bush":8,"minecraft:andesite":1,"minecraft:tnt":1,"minecraft:grass":1,"minecraft:coal_ore":8,"minecraft:oak_sign":1,"minecraft:iron_bars":17,"minecraft:sand":2,"minecraft:dirt":29,"minecraft:stone":47,"minecraft:stone_bricks":3,"minecraft:fern":2},"minecraft:used":{"minecraft:oak_fence":60,"minecraft:wheat_seeds":35,"minecraft:cooked_mutton":4,"minecraft:water_bucket":24,"minecraft:iron_bars":33,"minecraft:enchanting_table":3,"minecraft:diamond_boots":1,"minecraft:armor_stand":6,"minecraft:redstone":196,"minecraft:light_gray_carpet":15,"minecraft:oak_sign":9,"minecraft:chest":30,"minecraft:spruce_planks":6,"minecraft:stone":214,"minecraft:cobblestone_slab":11,"minecraft:red_nether_brick_stairs":6,"minecraft:quartz_stairs":34,"minecraft:smooth_quartz_stairs":6,"minecraft:oak_leaves":73,"minecraft:torch":2,"minecraft:red_nether_brick_slab":4,"minecraft:anvil":1,"minecraft:dirt":79,"minecraft:sand":2,"minecraft:tnt":10,"minecraft:crafting_table":1,"minecraft:loom":11,"minecraft:beehive":28,"minecraft:granite":2,"minecraft:black_bed":4,"minecraft:spruce_fence":3,"minecraft:piston":88,"minecraft:redstone_torch":36,"minecraft:sticky_piston":76,"minecraft:iron_hoe":24,"minecraft:stone_brick_slab":164,"minecraft:flower_pot":13,"minecraft:lever":9,"minecraft:bookshelf":129,"minecraft:iron_pickaxe":117,"minecraft:stone_button":19,"minecraft:slime_block":6,"minecraft:grass_block":8,"minecraft:quartz_block":1,"minecraft:gravel":106,"minecraft:stone_brick_stairs":4,"minecraft:barrel":9,"minecraft:stone_bricks":1398,"minecraft:diamond_chestplate":1,"minecraft:diamond_sword":69,"minecraft:repeater":51,"minecraft:redstone_lamp":20,"minecraft:cobblestone":1081,"minecraft:sweet_berries":21,"minecraft:furnace":1,"minecraft:andesite":1,"minecraft:red_banner":6,"minecraft:bucket":21,"minecraft:glass_pane":124,"minecraft:infested_cobblestone":6,"minecraft:stripped_oak_log":5,"minecraft:golden_axe":6,"minecraft:chainmail_leggings":1},"minecraft:dropped":{"minecraft:iron_ingot":30,"minecraft:golden_axe":1,"minecraft:coal":8,"minecraft:wooden_axe":1,"minecraft:bucket":1},"minecraft:crafted":{"minecraft:crafting_table":1,"minecraft:spruce_fence":3,"minecraft:iron_hoe":1,"minecraft:stick":16,"minecraft:oak_fence":24},"minecraft:picked_up":{"minecraft:wooden_axe":2,"minecraft:crafting_table":1,"minecraft:wheat":4,"minecraft:repeater":7,"minecraft:andesite":1,"minecraft:leather":1,"minecraft:lead":3,"minecraft:potato":1,"minecraft:string":1,"minecraft:dirt":51,"minecraft:bone":2,"minecraft:oak_sign":2,"minecraft:stone_bricks":2,"minecraft:wheat_seeds":41,"minecraft:spruce_planks":10,"minecraft:redstone_torch":1,"minecraft:raw_iron":2,"minecraft:stick":9,"minecraft:sweet_berries":21,"minecraft:oak_fence":1,"minecraft:torch":1,"minecraft:spruce_fence":2,"minecraft:gravel":4,"minecraft:sand":2,"minecraft:golden_axe":1,"minecraft:stone_button":2,"minecraft:spruce_sapling":1,"minecraft:redstone":26,"minecraft:tnt":1,"minecraft:arrow":2,"minecraft:lever":1,"minecraft:coal":16,"minecraft:iron_bars":17,"minecraft:cobblestone":57}},"DataVersion":3337}