{"stats":{"minecraft:used":{"minecraft:shroomlight":28,"minecraft:farmland":52,"minecraft:oak_log":16,"minecraft:jungle_sapling":4,"minecraft:wheat_seeds":24,"minecraft:oak_leaves":43,"minecraft:water_bucket":56,"minecraft:dirt":6,"minecraft:oak_sapling":5,"minecraft:grass_block":10,"minecraft:slime_block":11,"minecraft:quartz_block":429,"minecraft:stone":101,"minecraft:bone_meal":82,"minecraft:quartz_stairs":15,"minecraft:obsidian":32,"minecraft:oak_trapdoor":11},"minecraft:dropped":{"minecraft:stone":1},"minecraft:custom":{"minecraft:time_since_rest":58964,"minecraft:crouch_one_cm":1299,"minecraft:sprint_one_cm":7594,"minecraft:play_time":58964,"minecraft:walk_one_cm":60797,"minecraft:sneak_time":802,"minecraft:walk_under_water_one_cm":1433,"minecraft:drop":1,"minecraft:jump":62,"minecraft:leave_game":5,"minecraft:walk_on_water_one_cm":4243,"minecraft:time_since_death":58964,"minecraft:total_world_time":58964,"minecraft:interact_with_crafting_table":1,"minecraft:fly_one_cm":65222},"minecraft:picked_up":{"minecraft:stone":1,"minecraft:wheat_seeds":56}},"DataVersion":3337}