{"stats":{"minecraft:custom":{"minecraft:mob_kills":15,"minecraft:interact_with_crafting_table":5,"minecraft:leave_game":5,"minecraft:time_since_death":49111,"minecraft:sleep_in_bed":1,"minecraft:time_since_rest":38721,"minecraft:sprint_one_cm":237015,"minecraft:damage_taken":643,"minecraft:walk_one_cm":251563,"minecraft:drop":4,"minecraft:damage_dealt":2544,"minecraft:swim_one_cm":26643,"minecraft:fly_one_cm":64380,"minecraft:open_chest":4,"minecraft:crouch_one_cm":53786,"minecraft:play_time":76717,"minecraft:deaths":2,"minecraft:sneak_time":15272,"minecraft:walk_under_water_one_cm":15679,"minecraft:jump":817,"minecraft:walk_on_water_one_cm":30432,"minecraft:total_world_time":76717,"minecraft:fall_one_cm":7582},"minecraft:killed":{"minecraft:pig":2,"minecraft:creeper":2,"minecraft:skeleton":3,"minecraft:zombie":8},"minecraft:mined":{"minecraft:white_bed":1,"minecraft:crafting_table":3,"minecraft:grass_block":15,"minecraft:redstone_wire":1,"minecraft:cobblestone":7,"minecraft:spruce_leaves":18,"minecraft:oak_wall_sign":3,"minecraft:iron_ore":1,"minecraft:wheat":3,"minecraft:sweet_berry_bush":23,"minecraft:spruce_log":13,"minecraft:grass":1,"minecraft:oak_sign":1,"minecraft:gravel":5,"minecraft:sand":49,"minecraft:dirt":57,"minecraft:stone":115,"minecraft:stone_bricks":3,"minecraft:oak_leaves":1,"minecraft:fern":2},"minecraft:used":{"minecraft:water_bucket":34,"minecraft:oak_sign":4,"minecraft:spruce_planks":4,"minecraft:iron_sword":44,"minecraft:iron_chestplate":1,"minecraft:dirt":68,"minecraft:crafting_table":5,"minecraft:white_bed":1,"minecraft:wooden_axe":6,"minecraft:lava_bucket":1,"minecraft:bread":1,"minecraft:iron_pickaxe":127,"minecraft:iron_helmet":1,"minecraft:iron_boots":1,"minecraft:gravel":4,"minecraft:cobblestone":22,"minecraft:sweet_berries":50,"minecraft:porkchop":2,"minecraft:bucket":36,"minecraft:egg":3,"minecraft:iron_leggings":1},"minecraft:dropped":{"minecraft:gravel":1,"minecraft:sweet_berries":1,"minecraft:dirt":2},"minecraft:crafted":{"minecraft:wooden_sword":1,"minecraft:crafting_table":3,"minecraft:spruce_planks":52,"minecraft:iron_helmet":1,"minecraft:iron_sword":1,"minecraft:bread":1,"minecraft:flint_and_steel":1,"minecraft:iron_boots":1,"minecraft:iron_chestplate":1,"minecraft:stick":12,"minecraft:iron_pickaxe":1,"minecraft:wooden_axe":1,"minecraft:iron_leggings":1,"minecraft:white_bed":1},"minecraft:picked_up":{"minecraft:iron_chestplate":1,"minecraft:crafting_table":4,"minecraft:wheat":3,"minecraft:potato":1,"minecraft:flint":1,"minecraft:gunpowder":3,"minecraft:dirt":73,"minecraft:moss_carpet":3,"minecraft:wooden_sword":1,"minecraft:flint_and_steel":1,"minecraft:iron_leggings":1,"minecraft:bone":3,"minecraft:oak_sign":4,"minecraft:stone_bricks":3,"minecraft:bow":1,"minecraft:wheat_seeds":12,"minecraft:cobbled_deepslate":3,"minecraft:bucket":2,"minecraft:spruce_planks":20,"minecraft:iron_ingot":30,"minecraft:azalea":3,"minecraft:iron_pickaxe":1,"minecraft:light_gray_wool":1,"minecraft:moss_block":14,"minecraft:flowering_azalea":3,"minecraft:iron_sword":1,"minecraft:egg":4,"minecraft:iron_boots":1,"minecraft:raw_iron":1,"minecraft:sweet_berries":75,"minecraft:gravel":5,"minecraft:porkchop":3,"minecraft:sand":49,"minecraft:spruce_sapling":1,"minecraft:white_bed":1,"minecraft:spruce_log":14,"minecraft:arrow":4,"minecraft:rotten_flesh":5,"minecraft:iron_helmet":1,"minecraft:mutton":9,"minecraft:white_wool":5,"minecraft:cobblestone":121},"minecraft:killed_by":{"minecraft:player":1}},"DataVersion":3337}